Timestamp,Apakah Anda Pengguna Indihome atau tidak?,Domisili berdasarkan Provinsi,Generasi,Status Pekerjaan,"Apakah jaringan Wi-Fi IndiHome menggunakan sertifikat dalam proses otentikasi, ataukah hanya mengandalkan kata sandi sebagai metode keamanan?",Apakah anda mengkonfigurasi koneksi Wi-Fi IndiHome di perangkat anda secara manual?,Apakah anda pernah terkoneksi WiFi saat berada dalam keadaan bergerak/berpindah tempat?,Apakah anda memberikan perhatian lebih terhadap konfigurasi wifi indihome ?,"Apakah perangkat otomatis terhubung ketika mendeteksi wifi indihome ?
",Apakah Anda menyadari bahwa jaringan WiFi Anda mungkin memiliki kerentanan terhadap serangan siber?,Apakah perangkat WiFi Indihome Anda pernah mengalami serangan siber?,Apakah Anda memiliki alat atau mekanisme untuk memantau aktivitas jaringan WiFi Anda dan mendeteksi potensi serangan?,Apakah Anda merasa bahwa IndiHome memberikan informasi yang cukup tentang risiko keamanan ?,"Apakah petugas memberikan langkah-langkah pencegahan yang sesuai terkait resiko keamanan ?
",Apakah anda menggunakan vpn sebagai pengaman jaringan anda?,Email Address
06/12/2023 9:04:46,Ya,,Generasi Z (1997-2012),Mahasiswa,Tidak Tahu,Ya,Ya,Ya,Ya,Ya,Tidak,Tidak,Tidak,Ya,Ya,
06/12/2023 9:31:12,Ya,Jawa Barat,Generasi X (1965-1980),Pengusaha,Tidak,Ya,Ya,Tidak,Ya,Ya,Tidak Tahu,Tidak,Tidak,Tidak,Tidak,
06/12/2023 20:59:29,Ya,Purwokerto,Generasi Z (1997-2012),Pengusaha,Ya,Ya,Ya,Ya,Ya,Tidak Tahu,Tidak Tahu,Tidak,Tidak,Tidak,Tidak,
06/12/2023 21:02:23,Tidak,,,,,,,,,,,,,,,
06/12/2023 21:04:12,Ya,,,,Ya,Ya,Ya,Ya,Ya,Ya,Tidak,Tidak Tahu,Ya,Ya,Tidak,
06/12/2023 21:07:41,Ya,Jawa Barat,Generasi Y/Millenial (1981-1996),Mahasiswa,Ya,Ya,Ya,Ya,Ya,Ya,Tidak,Tidak,Ya,Ya,Tidak,
06/12/2023 21:08:40,Ya,Jawa Barat,Generasi Z (1997-2012),Mahasiswa,Ya,Ya,Ya,Ya,Ya,Ya,Tidak,Tidak,Ya,Ya,Tidak,
06/12/2023 21:11:06,Ya,Jawa Barat,Generasi Z (1997-2012),Mahasiswa,Ya,Ya,Ya,Ya,Ya,Ya,Ya,Tidak,Ya,Ya,Ya,
06/12/2023 21:17:31,Ya,Jawa Barat,Generasi Z (1997-2012),Mahasiswa,Tidak,Tidak,Tidak,Tidak Tahu,Ya,Ya,Tidak,Tidak,Tidak,Tidak,Tidak,
06/12/2023 21:19:11,Ya,Jawa Barat,Generasi Z (1997-2012),Mahasiswa,Tidak Tahu,Tidak,Ya,Tidak Tahu,Ya,Tidak Tahu,Tidak Tahu,Tidak Tahu,Ya,Tidak,Tidak,
06/12/2023 21:23:57,Tidak,,,,,,,,,,,,,,,
06/12/2023 21:24:30,Ya,Jawa Barat,Generasi Z (1997-2012),Mahasiswa,Tidak Tahu,Tidak,Ya,Tidak Tahu,Ya,Tidak Tahu,Tidak,Tidak,Ya,Ya,Tidak,
06/12/2023 21:28:57,Ya,Jawa Barat,Generasi Z (1997-2012),Mahasiswa,Tidak,Tidak,Ya,Tidak,Tidak,Ya,Tidak,Ya,Tidak,Ya,Ya,
06/12/2023 21:29:21,Ya,Jawa Barat,Generasi Z (1997-2012),Mahasiswa,Tidak Tahu,Ya,Ya,Tidak,Ya,Tidak Tahu,Tidak Tahu,Tidak Tahu,Tidak,Tidak,Tidak Tahu,
06/12/2023 21:34:48,Ya,Jawa Barat,Generasi Z (1997-2012),Mahasiswa,Tidak Tahu,Ya,Ya,Tidak Tahu,Ya,Ya,Tidak,Tidak,Tidak,Tidak Tahu,Tidak,
06/12/2023 21:35:42,Ya,Jawa Barat,Generasi Z (1997-2012),Mahasiswa,Tidak,Ya,Ya,Tidak,Ya,Ya,Tidak,Tidak,Ya,Tidak,Ya,
06/12/2023 21:44:53,Ya,Jawa Barat,Generasi Z (1997-2012),Guru,Ya,Ya,Ya,Tidak,Tidak,Tidak,Tidak,Tidak,Ya,Ya,Tidak,
06/12/2023 21:55:54,Tidak,,,,,,,,,,,,,,,
06/12/2023 21:59:37,Ya,Jawa Barat,Generasi Z (1997-2012),Mahasiswa,Tidak,Ya,Ya,Ya,Ya,Ya,Tidak Tahu,Tidak,Tidak,Ya,Ya,
06/12/2023 23:04:10,Ya,Jawa tengah,Generasi Z (1997-2012),Mahasiswa,Tidak Tahu,Tidak Tahu,Ya,Tidak Tahu,Ya,Tidak Tahu,Tidak,Tidak,Tidak Tahu,Ya,Tidak,
07/12/2023 1:02:21,Ya,Jawa Barat,Generasi X (1965-1980),Pegawai Negri Sipil,Tidak,Tidak Tahu,Tidak,Tidak Tahu,Ya,Ya,Tidak,Tidak,Tidak Tahu,Tidak Tahu,Tidak,
07/12/2023 4:03:12,Ya,Jawa Barat,Generasi X (1965-1980),Pegawai Negri Sipil,Ya,Ya,Tidak,Ya,Ya,Tidak,Tidak,Tidak,Tidak,Ya,Tidak,
07/12/2023 4:58:59,Ya,Jawa Barat,Generasi Z (1997-2012),Mahasiswa,Ya,Tidak Tahu,Ya,Tidak,Tidak Tahu,Tidak Tahu,Tidak Tahu,Tidak Tahu,Tidak Tahu,Tidak,Tidak Tahu,
07/12/2023 5:17:04,Tidak,,,,,,,,,,,,,,,
07/12/2023 6:40:27,Ya,Jawa Barat,Generasi Z (1997-2012),Mahasiswa,Ya,Ya,Ya,Ya,Ya,Ya,Tidak,Tidak,Ya,Ya,Ya,
07/12/2023 6:55:06,Tidak,,,,,,,,,,,,,,,
07/12/2023 6:59:39,Tidak,,,,,,,,,,,,,,,
07/12/2023 6:59:49,Tidak,,,,,,,,,,,,,,,
07/12/2023 7:07:02,Ya,Jawa Barat,Generasi Z (1997-2012),asisten,Ya,Tidak,Ya,Tidak,Ya,Tidak,Tidak,Tidak,Tidak,Tidak,Tidak,
07/12/2023 7:09:42,Ya,Jawa Barat,Generasi Z (1997-2012),Pekerja Swasta,Tidak Tahu,Tidak,Ya,Tidak,Tidak,Ya,Tidak,Tidak,Ya,Ya,Tidak Tahu,
07/12/2023 7:23:41,Ya,Jawa Barat,Generasi X (1965-1980),Dokter,Ya,Tidak,Ya,Tidak,Ya,Tidak,Tidak,Tidak,Tidak,Tidak Tahu,Tidak,
07/12/2023 7:45:39,Ya,Jawa Tengah,Generasi Z (1997-2012),Mahasiswa,Ya,Tidak,Tidak,Ya,Tidak,Ya,Tidak,Tidak,Tidak Tahu,Tidak Tahu,Tidak,
07/12/2023 7:51:00,Ya,Java Tengah,Generasi Z (1997-2012),Mahasiswa,Tidak,Tidak,Tidak,Tidak,Ya,Tidak Tahu,Tidak,Tidak,Tidak,Tidak,Ya,
07/12/2023 8:09:13,Ya,Jaea Barat,Generasi X (1965-1980),IRT,Tidak,Ya,Ya,Tidak Tahu,Tidak Tahu,Tidak,Tidak,Tidak Tahu,Tidak,Tidak,Tidak Tahu,
07/12/2023 8:35:12,Ya,Jawa Barat,Generasi X (1965-1980),Pegawai Negri Sipil,Ya,Ya,Tidak,Tidak Tahu,Tidak Tahu,Tidak Tahu,Tidak Tahu,Tidak,Tidak,Tidak Tahu,Tidak Tahu,
07/12/2023 8:51:06,Ya,Jawa Barat,Generasi X (1965-1980),Pekerja Swasta,Tidak Tahu,Tidak Tahu,Tidak,Tidak,Ya,Tidak Tahu,Tidak Tahu,Tidak Tahu,Tidak Tahu,Tidak Tahu,Tidak Tahu,
07/12/2023 9:11:02,Ya,Jawa Barat,Generasi X (1965-1980),Dosen,Ya,Ya,Tidak,Tidak,Ya,Ya,Tidak,Tidak,Tidak,Tidak,Tidak,
07/12/2023 9:12:55,Tidak,,,,,,,,,,,,,,,
07/12/2023 9:15:14,Ya,Jawa Barat ,Generasi X (1965-1980),Pegawai Negri Sipil,Ya,Ya,Ya,Ya,Ya,Ya,Ya,Ya,Ya,Ya,Ya,
07/12/2023 9:17:17,Ya,Jawa Barat ,Generasi Z (1997-2012),Mahasiswa,Ya,Ya,Ya,Ya,Ya,Tidak,Tidak,Tidak,Ya,Ya,Tidak,
07/12/2023 9:23:40,Ya,Jawa Tengah,Generasi Z (1997-2012),Mahasiswa,Ya,Ya,Ya,Tidak,Ya,Ya,Tidak,Tidak,Tidak,Ya,Tidak,
07/12/2023 9:24:32,Ya,Purwokerto barat,Generasi Z (1997-2012),Mahasiswa,Tidak Tahu,Tidak,Ya,Tidak,Ya,Ya,Tidak,Tidak,Tidak,Tidak Tahu,Tidak,
07/12/2023 9:26:35,Tidak,,,,,,,,,,,,,,,
07/12/2023 9:35:14,Ya,Jawa Barat,Generasi Z (1997-2012),Mahasiswa,Tidak Tahu,Tidak,Ya,Tidak,Ya,Ya,Tidak Tahu,Tidak,Tidak,Tidak,Ya,
07/12/2023 9:39:26,Ya,Jawa Barat ,Generasi Z (1997-2012),Mahasiswa,Ya,Tidak,Ya,Tidak,Ya,Ya,Tidak,Tidak,Tidak,Tidak,Tidak,
07/12/2023 9:52:43,Ya,D.I Yogyakarta,Generasi Z (1997-2012),Mahasiswa,Ya,Ya,Ya,Tidak Tahu,Ya,Ya,Tidak Tahu,Tidak,Tidak Tahu,Tidak,Tidak,
07/12/2023 9:55:09,Ya,Jawa tengah,Generasi X (1965-1980),Pekerja Swasta,Ya,Tidak,Ya,Tidak,Ya,Tidak Tahu,Tidak Tahu,Tidak,Tidak,Tidak,Tidak,
07/12/2023 10:15:38,Ya,Jawa Barat ,Generasi X (1965-1980),Pegawai Negri Sipil,Ya,Ya,Ya,Tidak Tahu,Ya,Ya,Tidak,Tidak,Tidak,Tidak,Tidak,
07/12/2023 10:18:33,Ya,Jawa Barat,Generasi X (1965-1980),Pegawai Negri Sipil,Tidak Tahu,Ya,Tidak Tahu,Tidak Tahu,Tidak Tahu,Tidak Tahu,Tidak Tahu,Tidak Tahu,Tidak Tahu,Tidak Tahu,Tidak Tahu,
07/12/2023 10:28:22,Ya,DIY,Generasi Z (1997-2012),Pengusaha,Tidak,Tidak,Tidak,Ya,Tidak,Ya,Ya,Tidak,Tidak,Tidak,Ya,
07/12/2023 11:16:19,Ya,Riau,Generasi Z (1997-2012),Mahasiswa,Tidak,Tidak,Tidak,Tidak,Tidak,Tidak Tahu,Ya,Tidak,Tidak,Tidak,Ya,
07/12/2023 12:18:48,Ya,DKI Jakarta,Generasi Z (1997-2012),Pekerja Swasta,Ya,Ya,Tidak,Ya,Tidak,Ya,Tidak,Ya,Tidak,Tidak,Tidak,
07/12/2023 17:58:40,Ya,Jawa Barat,Generasi Z (1997-2012),Mahasiswa,Tidak,Ya,Ya,Tidak,Ya,Ya,Tidak,Tidak,Ya,Ya,Tidak,
07/12/2023 19:10:57,Ya,Jawa Tengah,Generasi Alpa (2013-2035),Mahasiswa,Tidak,Ya,Ya,Tidak Tahu,Ya,Tidak Tahu,Tidak Tahu,Tidak,Tidak Tahu,Tidak Tahu,Tidak,
13/12/2023 9:29:02,Ya,Jawa Tengah,Generasi Z (1997-2012),Mahasiswa,Ya,Ya,Ya,Tidak,Ya,Tidak Tahu,Tidak Tahu,Tidak Tahu,Ya,Ya,Tidak,
17/12/2023 14:15:21,Ya,Jawa Barat,Generasi Z (1997-2012),Mahasiswa,Tidak Tahu,Ya,Ya,Tidak,Ya,Ya,Tidak,Tidak,Tidak Tahu,Tidak,Tidak,
20/12/2023 16:11:38,Ya,Jawa Barat,Generasi Z (1997-2012),Mahasiswa,Ya,Ya,Ya,Ya,Ya,Ya,Tidak,Tidak,Ya,Ya,Tidak,
20/12/2023 16:13:30,Ya,Jawa Barat,Generasi Z (1997-2012),Mahasiswa,Ya,Ya,Ya,Ya,Ya,Ya,Tidak,Tidak,Ya,Ya,Tidak,
20/12/2023 16:36:21,Ya,Jawa Barat,Generasi Z (1997-2012),Mahasiswa,Ya,Ya,Ya,Ya,Ya,Ya,Tidak,Tidak,Ya,Ya,Tidak,
20/12/2023 16:38:33,Ya,Jawa Barat,Generasi Z (1997-2012),Mahasiswa,Ya,Ya,Ya,Ya,Ya,Ya,Tidak,Tidak,Ya,Ya,Tidak,
21/12/2023 7:49:57,Ya,Jawa Barat,Generasi Z (1997-2012),Mahasiswa,Ya,Ya,Ya,Ya,Ya,Ya,Tidak,Tidak,Ya,Tidak,Tidak,
21/12/2023 7:50:54,Ya,Jawa Barat,Generasi Z (1997-2012),Mahasiswa,Ya,Ya,Ya,Ya,Ya,Ya,Tidak,Tidak,Ya,Tidak,Tidak,
21/12/2023 7:53:59,Tidak,,,,,,,,,,,,,,,
21/12/2023 7:54:13,Tidak,,,,,,,,,,,,,,,
21/12/2023 7:54:38,Tidak,,,,,,,,,,,,,,,
21/12/2023 7:55:35,Ya,Jawa Barat,Generasi Z (1997-2012),Mahasiswa,Tidak Tahu,Ya,Ya,Ya,Ya,Ya,Tidak,Tidak,Ya,Ya,Tidak,
21/12/2023 7:56:30,Ya,Jawa Barat,Generasi Y/Millenial (1981-1996),Mahasiswa,Tidak,Ya,Ya,Ya,Ya,Ya,Tidak,Tidak,Ya,Ya,Tidak,
21/12/2023 8:35:17,Ya,Jawa Barat,Generasi Z (1997-2012),Mahasiswa,Ya,Tidak,Ya,Ya,Ya,Ya,Tidak,Tidak,Ya,Tidak,Tidak,
21/12/2023 8:40:41,Ya,Jawa Barat,Generasi Z (1997-2012),Mahasiswa,Ya,Tidak,Ya,Tidak Tahu,Ya,Ya,Tidak,Tidak,Ya,Tidak,Tidak,
21/12/2023 8:59:06,Ya,Jawa Barat,Generasi Z (1997-2012),Mahasiswa,Ya,Tidak,Ya,Ya,Ya,Ya,Tidak,Tidak,Ya,Tidak,Tidak,
21/12/2023 9:03:40,Ya,Jawa Barat,Generasi Z (1997-2012),Mahasiswa,Ya,Tidak,Ya,Ya,Ya,Ya,Tidak,Tidak,Ya,Tidak,Tidak,
21/12/2023 9:08:26,Ya,Jawa Barat,Generasi Z (1997-2012),Mahasiswa,Ya,Tidak,Ya,Ya,Ya,Ya,Tidak,Ya,Ya,Tidak,Tidak,
21/12/2023 9:13:28,Ya,Jawa Barat,Generasi Z (1997-2012),Mahasiswa,Ya,Tidak,Ya,Ya,Ya,Ya,Tidak,Tidak,Ya,Tidak,Tidak,imanirafi70@gmail.com
21/12/2023 9:16:15,Ya,Jawa Barat,Generasi Z (1997-2012),Mahasiswa,Ya,Tidak,Ya,Ya,Tidak,Ya,Ya,Tidak,Ya,Tidak,Tidak,
27/12/2023 10:28:06,Ya,Jawa Barat ,Generasi Z (1997-2012),Mahasiswa,Tidak Tahu,Tidak,Ya,Ya,Ya,Tidak Tahu,Tidak Tahu,Tidak,Tidak Tahu,Tidak Tahu,Tidak,
30/12/2023 8:33:20,Ya,"""Jawa Barat""",Generasi Y/Millenial (1981-1996),Guru,Ya,Ya,Ya,Ya,Ya,Ya,Tidak,Tidak,Ya,Tidak Tahu,Tidak,
30/12/2023 8:34:04,Ya,Jawa barat,Generasi Z (1997-2012),Mahasiswa,Ya,Ya,Ya,Ya,Ya,Ya,Ya,Ya,Ya,Ya,Ya,
30/12/2023 8:35:13,Ya,"""Jawa Barat""",Generasi Z (1997-2012),Pekerja Swasta,Ya,Tidak,Ya,Ya,Ya,Ya,Tidak,Tidak,Ya,Tidak Tahu,Tidak,
30/12/2023 8:36:13,Ya,"""Jawa Barat""",Generasi Z (1997-2012),Mahasiswa,Ya,Tidak,Ya,Ya,Ya,Ya,Tidak,Tidak,Ya,Tidak Tahu,Tidak,
30/12/2023 8:45:21,Ya,"""Jawa Barat""",Generasi Z (1997-2012),Mahasiswa,Ya,Tidak,Ya,Tidak,Ya,Ya,Tidak,Tidak,Tidak Tahu,Tidak Tahu,Tidak,
30/12/2023 8:46:21,Ya,"""Jawa Barat""",Generasi Z (1997-2012),Mahasiswa,Ya,Ya,Ya,Tidak Tahu,Ya,Ya,Tidak,Tidak,Ya,Tidak Tahu,Tidak,
30/12/2023 8:47:37,Ya,"""Jawa Barat""",Generasi Z (1997-2012),Mahasiswa,Ya,Ya,Ya,Ya,Ya,Ya,Tidak,Tidak,Ya,Tidak Tahu,Tidak,
30/12/2023 8:49:14,Ya,Jaww Barat,Generasi X (1965-1980),Pekerja Swasta,Tidak Tahu,Tidak,Ya,Tidak,Ya,Tidak,Tidak,Tidak,Tidak,Tidak,Tidak,
30/12/2023 8:49:27,Ya,"""Jawa Barat""",Generasi Y/Millenial (1981-1996),Pekerja Swasta,Tidak Tahu,Ya,Ya,Tidak,Ya,Ya,Tidak,Tidak,Ya,Tidak Tahu,Tidak,
30/12/2023 8:49:41,Tidak,,,,,,,,,,,,,,,
30/12/2023 8:50:02,Ya,DKI Jakarta,Generasi Y/Millenial (1981-1996),Pekerja Swasta,Tidak Tahu,Tidak Tahu,Tidak Tahu,Tidak Tahu,Tidak Tahu,Tidak Tahu,Tidak Tahu,Tidak Tahu,Tidak Tahu,Tidak Tahu,Tidak Tahu,
30/12/2023 8:50:14,Tidak,,,,,,,,,,,,,,,
30/12/2023 8:50:23,Tidak,,,,,,,,,,,,,,,
30/12/2023 8:51:03,Ya," ""Jawa Barat""",Generasi Z (1997-2012),Pelajar,Ya,Tidak,Ya,Ya,Ya,Ya,Tidak,Tidak,Ya,Tidak,Tidak,
30/12/2023 8:51:47,Ya," ""Jawa Barat""",Generasi Y/Millenial (1981-1996),Guru,Ya,Tidak,Ya,Ya,Ya,Ya,Tidak,Tidak,Ya,Tidak Tahu,Tidak,
30/12/2023 8:52:40,Ya," ""Jawa Barat""",Generasi Y/Millenial (1981-1996),Pengusaha,Ya,Tidak,Ya,Tidak,Ya,Ya,Tidak,Tidak,Ya,Tidak Tahu,Tidak,
30/12/2023 8:53:02,Tidak,,,,,,,,,,,,,,,
30/12/2023 8:54:05,Ya," ""Jawa Barat""",Generasi Y/Millenial (1981-1996),Guru,Ya,Tidak,Ya,Ya,Ya,Ya,Tidak,Tidak,Ya,Tidak Tahu,Tidak,
30/12/2023 8:54:51,Ya,Jawa Barat,Generasi Y/Millenial (1981-1996),Guru,Tidak,Tidak,Ya,Ya,Ya,Ya,Tidak,Tidak,Ya,Tidak,Tidak,
30/12/2023 8:55:54,Ya,Jawa Barat,Generasi Y/Millenial (1981-1996),Pekerja Swasta,Tidak,Tidak,Ya,Ya,Ya,Ya,Tidak,Tidak,Ya,Tidak,Tidak,
30/12/2023 8:56:52,Ya,Jawa Barat,Generasi Y/Millenial (1981-1996),Guru,Ya,Tidak,Ya,Ya,Ya,Ya,Tidak,Tidak,Ya,Tidak Tahu,Tidak,
30/12/2023 8:57:32,Ya,Jawa Barat,Generasi Y/Millenial (1981-1996),Guru,Ya,Tidak,Tidak,Ya,Ya,Ya,Tidak,Tidak,Ya,Tidak Tahu,Tidak,
30/12/2023 8:58:18,Ya,Jawa Barat,Generasi Y/Millenial (1981-1996),Guru,Ya,Tidak,Ya,Tidak,Ya,Ya,Tidak,Tidak,Ya,Tidak Tahu,Tidak,
30/12/2023 8:59:05,Ya,Jawa Barat,Generasi Z (1997-2012),Mahasiswa,Ya,Tidak,Ya,Tidak,Ya,Ya,Tidak,Tidak,Ya,Tidak Tahu,Tidak,
30/12/2023 8:59:58,Ya,Jawa Barat,Generasi Z (1997-2012),Mahasiswa,Ya,Tidak,Ya,Tidak,Ya,Ya,Tidak,Tidak,Ya,Tidak Tahu,Tidak,
30/12/2023 12:14:29,Ya,Jawa Tengah,Generasi Z (1997-2012),Mahasiswa,Ya,Ya,Ya,Ya,Ya,Ya,Ya,Ya,Ya,Ya,Ya,
31/12/2023 17:12:23,Ya,Jawa barat,Generasi Z (1997-2012),Mahasiswa,Ya,Ya,Ya,Ya,Ya,Ya,Ya,Tidak,Ya,Ya,Ya,
31/12/2023 23:41:42,Ya,DKI Jakarta,Generasi Alpa (2013-2035),Mahasiswa,Ya,Ya,Ya,Ya,Ya,Tidak,Ya,Ya,Ya,Ya,Ya,
31/12/2023 23:42:04,Ya,DKI Jakarta,Generasi Y/Millenial (1981-1996),Pegawai Negri Sipil,Ya,Tidak Tahu,Tidak Tahu,Ya,Ya,Ya,Tidak Tahu,Ya,Ya,Ya,Tidak,
31/12/2023 23:42:27,Ya,DKI Jakarta,Generasi Z (1997-2012),Mahasiswa,Ya,Ya,Ya,Ya,Ya,Ya,Ya,Ya,Ya,Ya,Ya,
31/12/2023 23:43:18,Ya,DKI Jakarta,Generasi Y/Millenial (1981-1996),Pekerja Swasta,Ya,Ya,Ya,Ya,Ya,Ya,Ya,Tidak,Ya,Tidak,Tidak,
31/12/2023 23:44:01,Ya,DKI Jakarta,Generasi Y/Millenial (1981-1996),Guru,Ya,Ya,Ya,Ya,Tidak,Tidak,Tidak,Tidak Tahu,Tidak,Ya,Ya,
31/12/2023 23:44:46,Ya,DKI Jakarta,Generasi Boomer (1946-1964),TNI/Polri,Tidak Tahu,Tidak Tahu,Tidak Tahu,Tidak Tahu,Tidak Tahu,Tidak Tahu,Tidak Tahu,Tidak Tahu,Tidak Tahu,Tidak Tahu,Tidak Tahu,
31/12/2023 23:45:14,Ya,Jawa barat,Generasi Boomer (1946-1964),Pengusaha,Tidak Tahu,Tidak Tahu,Tidak,Tidak,Tidak,Tidak,Tidak,Tidak,Tidak,Tidak,Tidak Tahu,
31/12/2023 23:45:45,Ya,Jawa barat,Generasi Boomer (1946-1964),TNI/Polri,Ya,Ya,Tidak,Ya,Ya,Tidak Tahu,Tidak,Ya,Tidak,Tidak,Tidak Tahu,
31/12/2023 23:46:06,Ya,Jawa barat,Generasi Y/Millenial (1981-1996),Pegawai Negri Sipil,Ya,Ya,Ya,Tidak,Tidak,Tidak,Tidak Tahu,Tidak,Tidak,Tidak,Tidak Tahu,
31/12/2023 23:46:23,Ya,Jawa barat,Generasi Y/Millenial (1981-1996),Pegawai Negri Sipil,Tidak Tahu,Tidak Tahu,Tidak Tahu,Tidak Tahu,Tidak Tahu,Tidak Tahu,Tidak Tahu,Tidak Tahu,Tidak,Tidak Tahu,Tidak Tahu,
01/01/2024 21:17:07,Ya,Jawa tengah,Generasi Y/Millenial (1981-1996),Pekerja Swasta,Ya,Ya,Ya,Ya,Ya,Ya,Ya,Ya,Ya,Ya,Ya,
01/01/2024 21:17:30,Ya,Jawa tengah,Generasi Y/Millenial (1981-1996),Pegawai Negri Sipil,Ya,Ya,Ya,Ya,Ya,Ya,Ya,Ya,Ya,Ya,Ya,
01/01/2024 21:17:47,Ya,Jawa tengah,Generasi Y/Millenial (1981-1996),TNI/Polri,Ya,Ya,Ya,Ya,Ya,Ya,Ya,Ya,Ya,Ya,Ya,
01/01/2024 21:18:07,Ya,Jawa tengah,Generasi Z (1997-2012),Dosen,Ya,Ya,Ya,Tidak,Ya,Ya,Ya,Ya,Ya,Tidak,Ya,
01/01/2024 21:18:28,Ya,Jawa tengah,Generasi Z (1997-2012),Pekerja Swasta,Ya,Ya,Ya,Ya,Ya,Ya,Ya,Ya,Ya,Ya,Ya,
01/01/2024 21:19:09,Ya,Jawa tengah,Generasi Z (1997-2012),Guru,Ya,Ya,Ya,Ya,Ya,Ya,Ya,Ya,Ya,Ya,Ya,
01/01/2024 21:19:28,Ya,Jawa tengah,Generasi Z (1997-2012),Pekerja Swasta,Ya,Ya,Ya,Ya,Ya,Ya,Ya,Ya,Ya,Ya,Ya,
01/01/2024 21:19:57,Ya,Jawa tengah,Generasi Alpa (2013-2035),Mahasiswa,Ya,Ya,Ya,Ya,Ya,Ya,Ya,Ya,Ya,Ya,Ya,
01/01/2024 21:20:14,Ya,Jawa tengah,Generasi Alpa (2013-2035),Pelajar,Ya,Ya,Ya,Ya,Ya,Ya,Ya,Ya,Ya,Ya,Ya,
01/01/2024 21:20:36,Ya,Bali,Generasi Z (1997-2012),Pegawai Negri Sipil,Ya,Ya,Ya,Ya,Ya,Ya,Ya,Ya,Ya,Ya,Ya,
01/01/2024 21:21:09,Ya,Jawa tengah,Generasi Alpa (2013-2035),Pelajar,Ya,Ya,Ya,Ya,Ya,Ya,Ya,Ya,Ya,Ya,Ya,
01/01/2024 21:21:34,Ya,Banten,Generasi Z (1997-2012),Mahasiswa,Ya,Ya,Ya,Ya,Ya,Ya,Ya,Ya,Ya,Ya,Ya,
01/01/2024 21:21:56,Ya,Jawa tengah,Generasi Z (1997-2012),Pekerja Swasta,Ya,Ya,Ya,Ya,Ya,Ya,Ya,Ya,Ya,Ya,Ya,
01/01/2024 21:22:20,Ya,Jawa tengah,Generasi Z (1997-2012),Pegawai Negri Sipil,Ya,Ya,Ya,Ya,Ya,Ya,Ya,Ya,Ya,Ya,Ya,
01/01/2024 21:22:42,Ya,Jawa tengah,Generasi Z (1997-2012),Pekerja Swasta,Ya,Ya,Ya,Ya,Ya,Ya,Ya,Ya,Ya,Ya,Ya,
01/01/2024 21:23:22,Ya,Kalimantan barat,Generasi Z (1997-2012),Pengusaha,Ya,Ya,Ya,Ya,Ya,Ya,Ya,Tidak,Ya,Ya,Ya,
01/01/2024 21:23:38,Ya,Kalimantan barat,Generasi Z (1997-2012),Pengusaha,Ya,Ya,Ya,Ya,Ya,Ya,Ya,Ya,Ya,Ya,Ya,
01/01/2024 21:23:57,Ya,Kalimantan barat,Generasi Y/Millenial (1981-1996),Pekerja Swasta,Ya,Ya,Ya,Ya,Ya,Ya,Ya,Ya,Ya,Ya,Ya,
01/01/2024 21:24:15,Ya,Kalimantan barat,Generasi X (1965-1980),Pengusaha,Ya,Ya,Ya,Ya,Ya,Ya,Ya,Ya,Ya,Ya,Ya,
01/01/2024 21:24:37,Ya,Kalimantan barat,Generasi Y/Millenial (1981-1996),Dosen,Ya,Ya,Ya,Ya,Ya,Ya,Ya,Ya,Ya,Ya,Ya,
01/01/2024 21:24:56,Ya,Kalimantan barat,Generasi Z (1997-2012),Pegawai Negri Sipil,Ya,Ya,Ya,Ya,Ya,Ya,Ya,Ya,Ya,Ya,Ya,
01/01/2024 21:25:14,Ya,Kalimantan barat,Generasi Y/Millenial (1981-1996),TNI/Polri,Ya,Ya,Ya,Ya,Ya,Ya,Ya,Ya,Ya,Ya,Ya,
01/01/2024 21:25:30,Ya,Kalimantan barat,Generasi Y/Millenial (1981-1996),Pekerja Swasta,Ya,Ya,Ya,Ya,Ya,Ya,Ya,Ya,Ya,Ya,Ya,
01/01/2024 21:25:53,Ya,Kalimantan barat,Generasi Z (1997-2012),Dosen,Ya,Ya,Ya,Ya,Ya,Ya,Ya,Ya,Ya,Ya,Ya,
01/01/2024 21:26:09,Ya,Kalimantan barat,Generasi Z (1997-2012),TNI/Polri,Ya,Ya,Ya,Ya,Ya,Ya,Ya,Ya,Ya,Ya,Ya,
01/01/2024 21:26:36,Ya,Kalimantan barat,Generasi Y/Millenial (1981-1996),Pegawai Negri Sipil,Ya,Ya,Ya,Ya,Ya,Ya,Ya,Ya,Ya,Ya,Tidak,
01/01/2024 21:26:55,Ya,Kalimantan barat,Generasi Z (1997-2012),Pekerja Swasta,Ya,Ya,Ya,Ya,Ya,Ya,Ya,Ya,Ya,Ya,Ya,
01/01/2024 21:27:13,Ya,Kalimantan barat,Generasi Y/Millenial (1981-1996),Dosen,Ya,Ya,Ya,Ya,Ya,Ya,Ya,Ya,Ya,Ya,Ya,
01/01/2024 21:27:35,Ya,Kalimantan barat,Generasi Alpa (2013-2035),Mahasiswa,Ya,Ya,Ya,Ya,Ya,Tidak,Ya,Ya,Tidak,Ya,Ya,
01/01/2024 21:27:50,Ya,Kalimantan barat,Generasi Z (1997-2012),Mahasiswa,Ya,Ya,Ya,Ya,Ya,Ya,Ya,Ya,Ya,Ya,Ya,
01/01/2024 21:28:16,Ya,Kalimantan barat,Generasi Z (1997-2012),TNI/Polri,Ya,Ya,Ya,Ya,Ya,Ya,Ya,Ya,Ya,Ya,Ya,
01/01/2024 21:28:32,Ya,Kalimantan barat,Generasi Alpa (2013-2035),Mahasiswa,Ya,Ya,Ya,Ya,Ya,Ya,Ya,Ya,Ya,Ya,Ya,
01/01/2024 21:28:52,Ya,Banten,Generasi Alpa (2013-2035),Mahasiswa,Ya,Ya,Ya,Ya,Ya,Ya,Ya,Ya,Ya,Ya,Ya,
01/01/2024 21:29:15,Ya,Banten,Generasi Alpa (2013-2035),Mahasiswa,Ya,Ya,Ya,Tidak Tahu,Tidak Tahu,Tidak Tahu,Tidak Tahu,Tidak Tahu,Tidak Tahu,Tidak Tahu,Tidak Tahu,
01/01/2024 21:29:36,Ya,Banten,Generasi Alpa (2013-2035),Mahasiswa,Ya,Tidak Tahu,Tidak Tahu,Tidak Tahu,Ya,Tidak Tahu,Tidak Tahu,Tidak Tahu,Tidak Tahu,Tidak Tahu,Tidak Tahu,
01/01/2024 21:29:59,Ya,Banten,Generasi Y/Millenial (1981-1996),Guru,Ya,Ya,Ya,Ya,Ya,Ya,Ya,Ya,Ya,Ya,Ya,
01/01/2024 21:30:18,Ya,Banten,Generasi Y/Millenial (1981-1996),TNI/Polri,Ya,Ya,Ya,Ya,Ya,Ya,Ya,Ya,Ya,Ya,Ya,
01/01/2024 21:30:36,Ya,Banten,Generasi Z (1997-2012),Guru,Ya,Ya,Ya,Ya,Tidak,Ya,Ya,Ya,Ya,Ya,Ya,
01/01/2024 21:30:55,Ya,Banten,Generasi Z (1997-2012),Dosen,Ya,Ya,Ya,Ya,Ya,Ya,Ya,Ya,Ya,Ya,Ya,
01/01/2024 21:31:11,Ya,Banten,Generasi Y/Millenial (1981-1996),Pekerja Swasta,Ya,Ya,Ya,Ya,Ya,Ya,Ya,Ya,Ya,Ya,Ya,
01/01/2024 22:16:06,Ya,Banten,Generasi Y/Millenial (1981-1996),Dosen,Ya,Ya,Tidak,Ya,Ya,Ya,Ya,Ya,Ya,Ya,Ya,
01/01/2024 22:16:22,Ya,Banten,Generasi Y/Millenial (1981-1996),Pegawai Negri Sipil,Ya,Ya,Ya,Ya,Ya,Ya,Ya,Ya,Ya,Ya,Ya,
01/01/2024 22:16:38,Ya,Banten,Generasi Y/Millenial (1981-1996),Guru,Ya,Ya,Ya,Ya,Ya,Ya,Ya,Ya,Ya,Ya,Ya,
01/01/2024 22:16:54,Ya,Banten,Generasi Alpa (2013-2035),Mahasiswa,Ya,Ya,Ya,Ya,Ya,Ya,Ya,Ya,Ya,Ya,Ya,
01/01/2024 22:17:15,Ya,Banten,Generasi Y/Millenial (1981-1996),Pengusaha,Ya,Ya,Ya,Ya,Ya,Ya,Ya,Ya,Ya,Ya,Ya,
01/01/2024 22:19:09,Ya,Banten,Generasi Z (1997-2012),Pegawai Negri Sipil,Ya,Ya,Ya,Ya,Ya,Ya,Ya,Ya,Tidak,Ya,Ya,
01/01/2024 22:19:24,Ya,Banten,Generasi Y/Millenial (1981-1996),Pekerja Swasta,Ya,Ya,Ya,Ya,Ya,Ya,Ya,Ya,Ya,Ya,Ya,
01/01/2024 22:20:14,Ya,Daerah Istimewa Yogyakarta,Generasi X (1965-1980),Pengusaha,Tidak Tahu,Tidak Tahu,Tidak Tahu,Tidak Tahu,Tidak Tahu,Tidak Tahu,Tidak Tahu,Tidak Tahu,Tidak Tahu,Tidak Tahu,Tidak Tahu,
01/01/2024 22:20:30,Ya,Daerah Istimewa Yogyakarta,Generasi Alpa (2013-2035),Mahasiswa,Ya,Ya,Ya,Ya,Ya,Ya,Ya,Ya,Ya,Ya,Ya,
01/01/2024 22:20:46,Ya,Daerah Istimewa Yogyakarta,Generasi Alpa (2013-2035),Mahasiswa,Ya,Ya,Ya,Ya,Ya,Ya,Ya,Ya,Ya,Ya,Ya,
01/01/2024 22:21:20,Ya,Daerah Istimewa Yogyakarta,Generasi Z (1997-2012),Pekerja Swasta,Ya,Ya,Ya,Ya,Ya,Ya,Ya,Ya,Ya,Ya,Ya,
01/01/2024 22:21:38,Ya,Daerah Istimewa Yogyakarta,Generasi Z (1997-2012),Dosen,Ya,Ya,Ya,Ya,Ya,Ya,Ya,Ya,Ya,Ya,Ya,
01/01/2024 22:21:57,Ya,Daerah Istimewa Yogyakarta,Generasi Y/Millenial (1981-1996),Pegawai Negri Sipil,Ya,Ya,Ya,Ya,Ya,Ya,Ya,Ya,Ya,Ya,Ya,
01/01/2024 22:22:18,Ya,Daerah Istimewa Yogyakarta,Generasi Y/Millenial (1981-1996),Pegawai Negri Sipil,Ya,Ya,Ya,Ya,Ya,Ya,Ya,Ya,Ya,Ya,Ya,
01/01/2024 22:22:40,Ya,Daerah Istimewa Yogyakarta,Generasi Z (1997-2012),Pekerja Swasta,Ya,Ya,Ya,Ya,Ya,Ya,Ya,Ya,Ya,Ya,Ya,
01/01/2024 22:23:10,Ya,Daerah Istimewa Yogyakarta,Generasi Y/Millenial (1981-1996),Pegawai Negri Sipil,Ya,Ya,Ya,Ya,Ya,Ya,Ya,Ya,Ya,Ya,Ya,
01/01/2024 22:23:26,Ya,Daerah Istimewa Yogyakarta,Generasi Y/Millenial (1981-1996),Pekerja Swasta,Ya,Ya,Ya,Ya,Ya,Ya,Ya,Ya,Ya,Ya,Ya,
01/01/2024 22:23:44,Ya,Daerah Istimewa Yogyakarta,Generasi Z (1997-2012),Guru,Ya,Ya,Ya,Ya,Ya,Ya,Ya,Ya,Ya,Ya,Ya,
01/01/2024 22:23:59,Ya,Daerah Istimewa Yogyakarta,Generasi Alpa (2013-2035),Mahasiswa,Ya,Ya,Ya,Ya,Tidak,Ya,Ya,Ya,Tidak,Ya,Ya,
01/01/2024 22:24:18,Ya,Daerah Istimewa Yogyakarta,Generasi Y/Millenial (1981-1996),Pengusaha,Ya,Ya,Ya,Ya,Ya,Ya,Ya,Ya,Ya,Ya,Ya,
01/01/2024 22:25:15,Ya,Daerah Istimewa Yogyakarta,Generasi Y/Millenial (1981-1996),Pegawai Negri Sipil,Ya,Ya,Ya,Ya,Ya,Ya,Ya,Ya,Ya,Ya,Ya,
01/01/2024 22:25:33,Ya,Daerah Istimewa Yogyakarta,Generasi Y/Millenial (1981-1996),Pekerja Swasta,Ya,Ya,Ya,Ya,Ya,Ya,Ya,Ya,Ya,Ya,Ya,
01/01/2024 22:25:49,Ya,Daerah Istimewa Yogyakarta,Generasi Z (1997-2012),Dosen,Ya,Ya,Ya,Ya,Ya,Ya,Ya,Ya,Ya,Ya,Ya,
01/01/2024 22:26:07,Ya,Daerah Istimewa Yogyakarta,Generasi Y/Millenial (1981-1996),Pegawai Negri Sipil,Ya,Ya,Ya,Ya,Ya,Ya,Ya,Ya,Ya,Tidak,Ya,
01/01/2024 22:26:25,Ya,Daerah Istimewa Yogyakarta,Generasi X (1965-1980),Pegawai Negri Sipil,Ya,Ya,Ya,Ya,Ya,Ya,Ya,Ya,Ya,Ya,Ya,
01/01/2024 22:26:59,Ya,Daerah Istimewa Yogyakarta,Generasi Y/Millenial (1981-1996),Guru,Ya,Ya,Ya,Ya,Ya,Ya,Ya,Ya,Ya,Ya,Ya,
01/01/2024 22:27:27,Ya,Daerah Istimewa Yogyakarta,Generasi Y/Millenial (1981-1996),Pekerja Swasta,Ya,Ya,Ya,Ya,Ya,Ya,Ya,Ya,Ya,Ya,Ya,
01/01/2024 22:27:46,Ya,Daerah Istimewa Yogyakarta,Generasi Y/Millenial (1981-1996),Pegawai Negri Sipil,Ya,Ya,Ya,Ya,Ya,Ya,Ya,Ya,Ya,Ya,Ya,
01/01/2024 22:28:02,Ya,Daerah Istimewa Yogyakarta,Generasi Y/Millenial (1981-1996),Dosen,Ya,Ya,Ya,Ya,Ya,Ya,Ya,Ya,Ya,Ya,Ya,
01/01/2024 22:28:19,Ya,Daerah Istimewa Yogyakarta,Generasi Y/Millenial (1981-1996),Pegawai Negri Sipil,Ya,Ya,Ya,Ya,Ya,Ya,Ya,Ya,Ya,Ya,Ya,
01/01/2024 22:28:50,Ya,Daerah Istimewa Yogyakarta,Generasi Y/Millenial (1981-1996),Pekerja Swasta,Ya,Ya,Ya,Ya,Ya,Ya,Ya,Tidak,Ya,Ya,Ya,
01/01/2024 22:29:06,Ya,Daerah Istimewa Yogyakarta,Generasi Y/Millenial (1981-1996),Pegawai Negri Sipil,Ya,Ya,Ya,Ya,Ya,Ya,Ya,Ya,Ya,Ya,Ya,
01/01/2024 22:29:20,Ya,Daerah Istimewa Yogyakarta,Generasi Z (1997-2012),Pekerja Swasta,Ya,Ya,Ya,Ya,Ya,Ya,Ya,Tidak,Ya,Ya,Ya,
01/01/2024 22:29:36,Ya,Daerah Istimewa Yogyakarta,Generasi Y/Millenial (1981-1996),Pekerja Swasta,Ya,Ya,Ya,Ya,Ya,Ya,Ya,Ya,Ya,Ya,Ya,
01/01/2024 22:29:54,Ya,Daerah Istimewa Yogyakarta,Generasi Alpa (2013-2035),Mahasiswa,Ya,Ya,Ya,Ya,Ya,Ya,Ya,Ya,Ya,Ya,Ya,
01/01/2024 23:19:28,Ya,DKI Jakarta,Generasi Boomer (1946-1964),Pekerja Swasta,Ya,Ya,Ya,Ya,Ya,Ya,Ya,Ya,Ya,Ya,Ya,
01/01/2024 23:19:46,Ya,DKI Jakarta,Generasi Z (1997-2012),Dosen,Ya,Ya,Ya,Ya,Ya,Ya,Ya,Ya,Ya,Ya,Ya,
01/01/2024 23:20:01,Ya,DKI Jakarta,Generasi Z (1997-2012),Pegawai Negri Sipil,Ya,Ya,Ya,Ya,Ya,Ya,Ya,Ya,Tidak,Ya,Ya,
01/01/2024 23:20:17,Ya,DKI Jakarta,Generasi Y/Millenial (1981-1996),Dosen,Ya,Ya,Ya,Ya,Ya,Ya,Ya,Ya,Ya,Ya,Ya,
01/01/2024 23:20:34,Ya,DKI Jakarta,Generasi Y/Millenial (1981-1996),Pegawai Negri Sipil,Ya,Ya,Ya,Ya,Ya,Ya,Ya,Ya,Ya,Ya,Ya,
01/01/2024 23:20:59,Ya,DKI Jakarta,Generasi Y/Millenial (1981-1996),Pegawai Negri Sipil,Ya,Ya,Ya,Ya,Ya,Ya,Ya,Ya,Ya,Ya,Ya,
01/01/2024 23:21:42,Ya,DKI Jakarta,Generasi Z (1997-2012),Dosen,Ya,Ya,Ya,Ya,Ya,Ya,Ya,Ya,Ya,Ya,Ya,
01/01/2024 23:21:58,Ya,DKI Jakarta,Generasi Z (1997-2012),Pekerja Swasta,Ya,Ya,Ya,Ya,Ya,Ya,Ya,Ya,Ya,Ya,Ya,
01/01/2024 23:22:17,Ya,DKI Jakarta,Generasi Z (1997-2012),Pegawai Negri Sipil,Ya,Ya,Ya,Ya,Ya,Ya,Ya,Ya,Ya,Ya,Ya,
01/01/2024 23:22:34,Ya,DKI Jakarta,Generasi Z (1997-2012),Guru,Ya,Ya,Ya,Ya,Ya,Ya,Ya,Ya,Ya,Ya,Ya,
01/01/2024 23:22:53,Ya,DKI Jakarta,Generasi Z (1997-2012),Dosen,Ya,Ya,Ya,Ya,Ya,Ya,Ya,Ya,Ya,Ya,Ya,
01/01/2024 23:23:07,Ya,DKI Jakarta,Generasi Z (1997-2012),Pengusaha,Ya,Ya,Ya,Ya,Ya,Ya,Ya,Ya,Ya,Ya,Ya,
01/01/2024 23:23:25,Ya,DKI Jakarta,Generasi Y/Millenial (1981-1996),TNI/Polri,Ya,Ya,Ya,Ya,Ya,Ya,Ya,Ya,Ya,Ya,Ya,
01/01/2024 23:23:46,Ya,DKI Jakarta,Generasi Alpa (2013-2035),Mahasiswa,Ya,Ya,Ya,Ya,Ya,Ya,Ya,Ya,Ya,Ya,Ya,
01/01/2024 23:24:03,Ya,DKI Jakarta,Generasi Alpa (2013-2035),Mahasiswa,Ya,Ya,Ya,Ya,Ya,Ya,Ya,Ya,Ya,Ya,Ya,
02/01/2024 15:40:02,Ya,Bali,Generasi Alpa (2013-2035),Mahasiswa,Ya,Ya,Ya,Ya,Ya,Ya,Ya,Ya,Ya,Ya,Ya,
02/01/2024 15:40:18,Ya,Bali,Generasi Z (1997-2012),Dosen,Ya,Ya,Ya,Ya,Ya,Ya,Ya,Ya,Ya,Ya,Ya,
02/01/2024 15:40:36,Ya,Bali,Generasi Y/Millenial (1981-1996),Pegawai Negri Sipil,Ya,Ya,Ya,Ya,Ya,Ya,Ya,Ya,Ya,Ya,Ya,
02/01/2024 15:40:53,Ya,Bali,Generasi Y/Millenial (1981-1996),TNI/Polri,Ya,Ya,Ya,Ya,Ya,Ya,Ya,Ya,Ya,Ya,Ya,
02/01/2024 15:41:09,Ya,Bali,Generasi Z (1997-2012),Pegawai Negri Sipil,Ya,Ya,Ya,Ya,Ya,Ya,Ya,Ya,Ya,Ya,Ya,
02/01/2024 15:42:04,Ya,Bali,Generasi Z (1997-2012),Dosen,Ya,Ya,Ya,Ya,Ya,Ya,Ya,Ya,Ya,Ya,Ya,
02/01/2024 15:42:20,Ya,Bali,Generasi Alpa (2013-2035),Mahasiswa,Ya,Ya,Ya,Ya,Ya,Ya,Ya,Ya,Ya,Ya,Ya,
02/01/2024 15:42:38,Ya,Bali,Generasi Y/Millenial (1981-1996),Pekerja Swasta,Ya,Ya,Ya,Ya,Ya,Ya,Ya,Ya,Ya,Ya,Ya,
02/01/2024 15:43:00,Ya,Bali,Generasi X (1965-1980),TNI/Polri,Ya,Ya,Ya,Ya,Ya,Ya,Ya,Ya,Ya,Ya,Ya,
02/01/2024 15:43:22,Ya,Bali,Generasi Z (1997-2012),Guru,Ya,Ya,Ya,Ya,Ya,Ya,Ya,Ya,Ya,Ya,Ya,
02/01/2024 15:44:14,Ya,Bali,Generasi Y/Millenial (1981-1996),Pegawai Negri Sipil,Ya,Ya,Ya,Ya,Ya,Ya,Ya,Ya,Ya,Ya,Ya,
02/01/2024 15:44:31,Ya,Bali,Generasi Y/Millenial (1981-1996),Pegawai Negri Sipil,Ya,Ya,Ya,Ya,Ya,Ya,Ya,Ya,Ya,Ya,Ya,
02/01/2024 15:44:47,Ya,Bali,Generasi Z (1997-2012),Pekerja Swasta,Ya,Ya,Ya,Ya,Ya,Ya,Ya,Ya,Ya,Ya,Ya,
02/01/2024 15:45:03,Ya,Bali,Generasi Z (1997-2012),Pekerja Swasta,Ya,Ya,Ya,Ya,Ya,Ya,Ya,Ya,Ya,Ya,Ya,
02/01/2024 15:45:23,Ya,Bali,Generasi Y/Millenial (1981-1996),TNI/Polri,Ya,Ya,Ya,Ya,Ya,Ya,Ya,Ya,Ya,Ya,Ya,
02/01/2024 15:45:46,Ya,Bali,Generasi Y/Millenial (1981-1996),Guru,Ya,Ya,Ya,Ya,Ya,Ya,Ya,Ya,Ya,Ya,Ya,
02/01/2024 15:46:09,Ya,Bali,Generasi Y/Millenial (1981-1996),Pekerja Swasta,Ya,Ya,Ya,Ya,Ya,Ya,Ya,Ya,Ya,Ya,Ya,
02/01/2024 15:46:26,Ya,Bali,Generasi Y/Millenial (1981-1996),Pekerja Swasta,Ya,Ya,Ya,Ya,Ya,Ya,Ya,Ya,Ya,Ya,Ya,
02/01/2024 15:46:44,Ya,Bali,Generasi Y/Millenial (1981-1996),Dosen,Ya,Ya,Ya,Ya,Ya,Ya,Ya,Ya,Ya,Ya,Ya,
02/01/2024 15:47:05,Ya,Bali,Generasi Z (1997-2012),Pegawai Negri Sipil,Ya,Ya,Ya,Ya,Ya,Ya,Ya,Ya,Ya,Ya,Ya,
02/01/2024 15:47:23,Ya,Bali,Generasi Y/Millenial (1981-1996),Pegawai Negri Sipil,Ya,Ya,Ya,Ya,Ya,Ya,Ya,Ya,Ya,Ya,Ya,
02/01/2024 15:47:43,Ya,Bali,Generasi Y/Millenial (1981-1996),Dosen,Ya,Ya,Ya,Ya,Ya,Ya,Ya,Ya,Ya,Ya,Ya,
02/01/2024 15:48:01,Ya,Bali,Generasi Y/Millenial (1981-1996),Dosen,Ya,Ya,Ya,Ya,Ya,Ya,Ya,Ya,Ya,Ya,Ya,
02/01/2024 15:48:23,Ya,Bali,Generasi Y/Millenial (1981-1996),TNI/Polri,Ya,Ya,Ya,Ya,Ya,Ya,Ya,Ya,Ya,Ya,Ya,
02/01/2024 15:48:38,Ya,Bali,Generasi Y/Millenial (1981-1996),Dosen,Ya,Ya,Ya,Ya,Ya,Ya,Ya,Ya,Ya,Ya,Ya,
02/01/2024 16:13:07,Ya,Jawa timur,Generasi X (1965-1980),Pekerja Swasta,Tidak,Ya,Tidak,Tidak,Tidak,Tidak,Tidak,Tidak,Tidak,Tidak,Tidak,
02/01/2024 16:13:24,Ya,Jawa timur,Generasi Y/Millenial (1981-1996),Dosen,Tidak,Tidak,Tidak,Tidak,Tidak,Tidak,Tidak,Tidak,Tidak,Tidak,Tidak,
02/01/2024 16:13:41,Ya,Jawa timur,Generasi Y/Millenial (1981-1996),Pegawai Negri Sipil,Tidak,Tidak,Tidak,Tidak,Tidak,Tidak,Tidak,Tidak,Tidak,Tidak,Tidak,
02/01/2024 16:13:57,Ya,Jawa timur,Generasi Y/Millenial (1981-1996),Guru,Tidak,Tidak,Tidak,Tidak,Tidak,Tidak,Tidak,Tidak,Tidak,Tidak,Tidak,
02/01/2024 16:14:19,Ya,Jawa timur,Generasi Z (1997-2012),Pengusaha,Tidak,Tidak,Tidak,Tidak,Tidak,Tidak,Tidak,Tidak,Tidak,Tidak,Tidak,
02/01/2024 16:14:50,Ya,Jawa timur,Generasi Y/Millenial (1981-1996),Dosen,Tidak,Tidak,Tidak,Tidak,Tidak,Tidak,Tidak,Tidak,Tidak,Tidak,Tidak,
02/01/2024 16:15:11,Ya,Jawa timur,Generasi Y/Millenial (1981-1996),Pekerja Swasta,Tidak,Tidak,Tidak,Tidak,Tidak,Tidak,Tidak,Tidak,Tidak,Tidak,Tidak,
02/01/2024 16:15:31,Ya,Jawa timur,Generasi X (1965-1980),TNI/Polri,Tidak,Tidak,Tidak,Tidak,Tidak,Tidak,Tidak,Tidak,Tidak,Tidak,Tidak,
02/01/2024 16:15:51,Ya,Jawa timur,Generasi Z (1997-2012),Pekerja Swasta,Tidak,Tidak,Tidak,Tidak,Tidak,Tidak,Tidak,Tidak,Tidak,Tidak,Tidak,
02/01/2024 16:16:10,Ya,Jawa timur,Generasi Alpa (2013-2035),Guru,Tidak,Tidak,Tidak,Tidak,Tidak,Tidak,Tidak,Tidak,Tidak,Tidak,Tidak,
02/01/2024 16:16:40,Ya,Jawa timur,Generasi Y/Millenial (1981-1996),TNI/Polri,Tidak,Tidak,Tidak,Tidak,Tidak,Tidak,Tidak,Tidak,Tidak,Tidak,Tidak,
02/01/2024 16:17:00,Ya,Jawa timur,Generasi Y/Millenial (1981-1996),Dosen,Tidak,Ya,Tidak,Tidak,Tidak,Tidak,Tidak,Tidak,Tidak,Tidak,Tidak,
02/01/2024 16:17:28,Ya,Jawa timur,Generasi Z (1997-2012),Pekerja Swasta,Tidak,Tidak,Ya,Tidak,Tidak,Tidak,Tidak,Tidak,Tidak,Tidak,Tidak,
02/01/2024 16:17:47,Ya,Jawa timur,Generasi Alpa (2013-2035),Mahasiswa,Tidak,Tidak,Tidak,Tidak,Tidak,Tidak,Tidak,Tidak,Tidak,Tidak,Tidak,
02/01/2024 16:18:06,Ya,Jawa timur,Generasi Alpa (2013-2035),Mahasiswa,Tidak,Tidak,Tidak,Tidak,Tidak,Tidak,Tidak,Tidak,Tidak,Tidak,Tidak,
02/01/2024 16:27:50,Ya,Kalimantan Timur,Generasi Y/Millenial (1981-1996),TNI/Polri,Tidak,Tidak,Tidak,Tidak,Tidak,Tidak,Tidak,Tidak,Tidak,Tidak,Tidak,
02/01/2024 16:28:14,Ya,Kalimantan Timur,Generasi Z (1997-2012),Mahasiswa,Tidak,Tidak,Tidak,Tidak,Tidak,Tidak,Tidak,Tidak,Tidak,Tidak,Tidak,
02/01/2024 16:28:34,Ya,Kalimantan Timur,Generasi Alpa (2013-2035),Mahasiswa,Tidak,Tidak,Tidak,Tidak,Tidak,Tidak,Tidak,Tidak,Tidak,Tidak,Tidak,
02/01/2024 16:28:50,Ya,Kalimantan Timur,Generasi Alpa (2013-2035),Mahasiswa,Tidak,Tidak,Tidak,Tidak,Tidak,Tidak,Tidak,Tidak,Tidak,Tidak,Tidak,
02/01/2024 16:29:07,Ya,Kalimantan Timur,Generasi Z (1997-2012),Dosen,Tidak,Tidak,Tidak,Tidak,Tidak,Tidak,Tidak,Tidak,Tidak,Tidak,Tidak,
02/01/2024 16:29:36,Ya,Kalimantan Timur,Generasi Z (1997-2012),Guru,Tidak,Tidak,Tidak,Tidak,Tidak,Tidak,Tidak,Tidak,Tidak,Tidak,Tidak,
02/01/2024 16:29:58,Ya,Kalimantan Timur,Generasi Z (1997-2012),Pekerja Swasta,Tidak,Tidak,Tidak,Tidak,Tidak,Tidak,Tidak,Tidak,Tidak,Tidak,Tidak,
02/01/2024 16:30:16,Ya,Kalimantan Timur,Generasi Alpa (2013-2035),Mahasiswa,Tidak,Tidak,Tidak,Tidak,Tidak,Tidak,Tidak,Tidak,Tidak,Tidak,Tidak,
02/01/2024 16:30:32,Ya,Kalimantan Timur,Generasi Alpa (2013-2035),Mahasiswa,Tidak,Tidak,Tidak,Tidak,Tidak,Tidak,Tidak,Tidak,Tidak,Tidak,Tidak,
02/01/2024 16:30:57,Ya,Kalimantan Timur,Generasi Z (1997-2012),Pekerja Swasta,Tidak,Tidak,Tidak,Tidak,Tidak,Tidak,Tidak,Tidak,Tidak,Tidak,Tidak,
02/01/2024 16:50:34,Ya,DKI Jakarta,Generasi Y/Millenial (1981-1996),Pegawai Negri Sipil,Tidak,Tidak,Tidak Tahu,Tidak,Tidak,Tidak,Tidak,Tidak,Tidak,Tidak,Tidak,
02/01/2024 16:50:57,Ya,DKI Jakarta,Generasi Y/Millenial (1981-1996),Pegawai Negri Sipil,Tidak,Tidak,Tidak,Tidak,Tidak,Tidak,Tidak,Tidak,Tidak,Tidak,Tidak,
02/01/2024 16:51:15,Ya,DKI Jakarta,Generasi Z (1997-2012),Guru,Tidak,Tidak,Tidak,Tidak,Tidak,Tidak,Tidak,Tidak,Tidak,Tidak,Tidak,
02/01/2024 16:51:41,Ya,DKI Jakarta,Generasi Y/Millenial (1981-1996),Pegawai Negri Sipil,Tidak,Tidak,Tidak,Tidak,Tidak,Tidak,Tidak,Tidak,Tidak,Tidak,Tidak,
02/01/2024 16:52:00,Ya,DKI Jakarta,Generasi Alpa (2013-2035),Mahasiswa,Tidak,Tidak,Tidak,Tidak,Tidak,Tidak,Tidak,Tidak,Tidak,Tidak,Tidak,
02/01/2024 17:03:41,Ya,DKI Jakarta,Generasi Z (1997-2012),Pegawai Negri Sipil,Tidak,Tidak,Tidak,Tidak,Tidak,Tidak,Tidak,Tidak,Tidak,Tidak,Tidak,
02/01/2024 17:04:01,Ya,DKI Jakarta,Generasi Z (1997-2012),Dosen,Tidak,Tidak,Tidak,Tidak,Tidak,Tidak,Tidak,Tidak,Tidak,Tidak,Tidak,
02/01/2024 17:04:24,Ya,DKI Jakarta,Generasi Y/Millenial (1981-1996),Pegawai Negri Sipil,Tidak,Tidak,Tidak,Tidak,Tidak,Tidak,Tidak,Tidak,Tidak,Tidak,Tidak,
02/01/2024 17:04:44,Ya,DKI Jakarta,Generasi Alpa (2013-2035),Mahasiswa,Tidak,Tidak,Tidak,Tidak,Tidak,Tidak,Tidak,Tidak,Tidak,Tidak,Tidak,
02/01/2024 17:05:05,Ya,DKI Jakarta,Generasi Z (1997-2012),TNI/Polri,Tidak,Tidak,Tidak,Tidak,Tidak,Tidak,Tidak,Tidak,Tidak,Tidak,Tidak,
02/01/2024 17:07:31,Ya,DKI Jakarta,Generasi Alpa (2013-2035),Mahasiswa,Tidak,Tidak,Tidak,Tidak,Tidak,Tidak,Tidak,Tidak,Tidak,Tidak,Tidak,
02/01/2024 17:07:49,Ya,DKI Jakarta,Generasi Alpa (2013-2035),Pegawai Negri Sipil,Tidak,Tidak,Tidak,Tidak,Tidak,Tidak,Tidak,Tidak,Tidak,Tidak,Tidak,
02/01/2024 17:08:05,Ya,DKI Jakarta,Generasi Y/Millenial (1981-1996),Pengusaha,Tidak,Tidak,Tidak,Tidak,Tidak,Tidak,Tidak,Tidak,Tidak,Tidak,Tidak,
02/01/2024 17:08:24,Ya,DKI Jakarta,Generasi Y/Millenial (1981-1996),Pengusaha,Tidak,Tidak,Tidak,Tidak,Tidak,Tidak,Tidak,Tidak,Tidak,Tidak,Tidak,
02/01/2024 17:08:44,Ya,DKI Jakarta,Generasi Z (1997-2012),Pekerja Swasta,Tidak,Tidak,Tidak,Tidak,Tidak,Tidak,Tidak,Tidak,Tidak,Tidak,Tidak,
02/01/2024 17:09:22,Ya,DKI Jakarta,Generasi Z (1997-2012),TNI/Polri,Tidak,Tidak,Tidak,Tidak,Tidak,Tidak,Tidak,Tidak,Tidak,Tidak,Tidak,
02/01/2024 17:09:42,Ya,DKI Jakarta,Generasi Y/Millenial (1981-1996),Pegawai Negri Sipil,Tidak,Tidak,Tidak,Tidak,Tidak,Tidak,Tidak,Tidak,Tidak,Tidak,Tidak,
02/01/2024 17:10:07,Ya,DKI Jakarta,Generasi Z (1997-2012),TNI/Polri,Tidak,Tidak,Tidak,Ya,Tidak,Tidak,Tidak,Tidak,Tidak,Tidak,Tidak,
02/01/2024 17:10:27,Ya,DKI Jakarta,Generasi Y/Millenial (1981-1996),Pengusaha,Tidak,Tidak,Tidak,Tidak,Tidak,Tidak,Tidak,Tidak,Tidak,Tidak,Tidak,
02/01/2024 17:10:44,Ya,DKI Jakarta,Generasi X (1965-1980),Pengusaha,Tidak,Tidak,Tidak,Tidak,Tidak,Tidak,Tidak,Tidak,Tidak,Tidak,Tidak,
03/01/2024 15:26:01,Ya,Jawa barat,Generasi Y/Millenial (1981-1996),Pegawai Negri Sipil,Ya,Tidak,Tidak,Tidak,Tidak,Tidak,Tidak,Tidak,Tidak,Tidak,Tidak,
03/01/2024 15:26:19,Ya,Jawa barat,Generasi Y/Millenial (1981-1996),Dosen,Tidak,Tidak Tahu,Tidak,Tidak,Tidak,Tidak,Tidak,Tidak,Tidak,Tidak,Tidak Tahu,
03/01/2024 15:26:40,Ya,Jawa barat,Generasi Y/Millenial (1981-1996),Guru,Tidak,Tidak,Tidak,Tidak,Tidak,Tidak,Tidak,Tidak,Tidak,Tidak,Tidak,
03/01/2024 15:26:59,Ya,Jawa barat,Generasi Y/Millenial (1981-1996),Pegawai Negri Sipil,Tidak,Tidak,Tidak,Tidak,Tidak,Tidak,Tidak,Tidak,Tidak,Tidak,Tidak,
03/01/2024 15:27:19,Ya,Jawa barat,Generasi Y/Millenial (1981-1996),Guru,Tidak,Tidak,Tidak,Tidak,Tidak,Tidak,Tidak,Tidak,Tidak,Tidak,Tidak,
03/01/2024 15:27:57,Ya,Jawa barat,Generasi X (1965-1980),Pengusaha,Ya,Ya,Ya,Tidak,Ya,Ya,Ya,Ya,Ya,Ya,Ya,
03/01/2024 15:28:11,Ya,Jawa barat,Generasi Y/Millenial (1981-1996),Dosen,Ya,Ya,Ya,Ya,Ya,Ya,Ya,Ya,Ya,Ya,Ya,
03/01/2024 15:28:25,Ya,Jawa barat,Generasi Z (1997-2012),Pegawai Negri Sipil,Ya,Ya,Ya,Ya,Ya,Ya,Ya,Ya,Ya,Ya,Ya,
03/01/2024 15:28:40,Ya,Jawa barat,Generasi Y/Millenial (1981-1996),Pekerja Swasta,Ya,Ya,Ya,Ya,Ya,Ya,Ya,Ya,Ya,Ya,Ya,
03/01/2024 15:28:58,Ya,Jawa barat,Generasi X (1965-1980),Dosen,Ya,Ya,Ya,Ya,Ya,Ya,Ya,Ya,Ya,Ya,Ya,
03/01/2024 15:30:06,Ya,Jawa barat,Generasi Z (1997-2012),Pekerja Swasta,Ya,Ya,Ya,Ya,Ya,Ya,Ya,Ya,Ya,Ya,Ya,
03/01/2024 15:30:28,Ya,Jawa barat,Generasi Y/Millenial (1981-1996),Guru,Ya,Ya,Ya,Ya,Ya,Ya,Ya,Ya,Ya,Ya,Ya,
03/01/2024 15:30:47,Ya,Jawa barat,Generasi Y/Millenial (1981-1996),TNI/Polri,Ya,Ya,Ya,Ya,Ya,Ya,Ya,Ya,Ya,Ya,Ya,
03/01/2024 15:31:02,Ya,Jawa barat,Generasi Z (1997-2012),Dosen,Ya,Ya,Ya,Ya,Ya,Ya,Tidak,Ya,Ya,Ya,Ya,
03/01/2024 15:31:17,Ya,Jawa barat,Generasi Y/Millenial (1981-1996),Pekerja Swasta,Ya,Ya,Ya,Ya,Ya,Ya,Ya,Ya,Ya,Ya,Ya,
03/01/2024 15:46:50,Ya,https://forms.gle/VhjnkP2LPZVeWCLT7,Generasi Y/Millenial (1981-1996),Pegawai Negri Sipil,Ya,Ya,Ya,Ya,Ya,Ya,Ya,Ya,Ya,Ya,Ya,
03/01/2024 15:47:44,Ya,Jawa timur,Generasi Y/Millenial (1981-1996),Dosen,Ya,Ya,Ya,Ya,Ya,Ya,Ya,Ya,Ya,Ya,Ya,
03/01/2024 15:48:02,Ya,Jawa timur,Generasi Z (1997-2012),Pegawai Negri Sipil,Ya,Ya,Ya,Ya,Ya,Ya,Ya,Ya,Ya,Ya,Ya,
03/01/2024 15:48:17,Ya,Jawa timur,Generasi Z (1997-2012),Pegawai Negri Sipil,Ya,Ya,Ya,Ya,Ya,Ya,Ya,Ya,Ya,Ya,Ya,
03/01/2024 15:48:34,Ya,Jawa timur,Generasi Y/Millenial (1981-1996),Pekerja Swasta,Ya,Ya,Ya,Ya,Ya,Ya,Ya,Ya,Ya,Ya,Ya,
03/01/2024 15:48:57,Ya,Jawa timur,Generasi Y/Millenial (1981-1996),Pegawai Negri Sipil,Ya,Ya,Ya,Ya,Ya,Ya,Ya,Ya,Ya,Ya,Ya,
03/01/2024 15:49:12,Ya,Jawa timur,Generasi Alpa (2013-2035),Mahasiswa,Ya,Ya,Ya,Ya,Ya,Ya,Ya,Ya,Ya,Ya,Ya,
03/01/2024 15:49:28,Ya,Jawa timur,Generasi X (1965-1980),Dosen,Ya,Ya,Tidak,Ya,Ya,Ya,Ya,Ya,Ya,Ya,Ya,
03/01/2024 15:49:47,Ya,Jawa timur,Generasi Y/Millenial (1981-1996),Pegawai Negri Sipil,Ya,Ya,Ya,Ya,Ya,Ya,Ya,Ya,Ya,Ya,Ya,
03/01/2024 15:50:02,Ya,Jawa timur,Generasi Y/Millenial (1981-1996),Pegawai Negri Sipil,Ya,Ya,Ya,Ya,Ya,Ya,Ya,Ya,Ya,Ya,Ya,
03/01/2024 15:50:22,Ya,Jawa timur,Generasi Z (1997-2012),Dosen,Ya,Ya,Ya,Ya,Ya,Ya,Ya,Ya,Ya,Ya,Ya,
03/01/2024 15:50:45,Ya,Jawa timur,Generasi Z (1997-2012),Pegawai Negri Sipil,Ya,Ya,Ya,Ya,Ya,Ya,Ya,Ya,Ya,Ya,Ya,
03/01/2024 15:51:04,Ya,Jawa timur,Generasi Y/Millenial (1981-1996),Pegawai Negri Sipil,Ya,Ya,Ya,Ya,Ya,Ya,Ya,Ya,Ya,Ya,Ya,
03/01/2024 15:51:20,Ya,Jawa timur,Generasi Z (1997-2012),Pekerja Swasta,Ya,Ya,Ya,Ya,Ya,Ya,Ya,Ya,Ya,Ya,Ya,
03/01/2024 15:51:35,Ya,Jawa timur,Generasi Y/Millenial (1981-1996),Pekerja Swasta,Ya,Ya,Ya,Ya,Ya,Ya,Ya,Ya,Ya,Ya,Ya,
03/01/2024 15:51:54,Ya,Jawa timur,Generasi Z (1997-2012),Pegawai Negri Sipil,Ya,Ya,Ya,Ya,Ya,Ya,Ya,Ya,Ya,Ya,Ya,
03/01/2024 15:52:15,Ya,Jawa timur,Generasi Y/Millenial (1981-1996),Pegawai Negri Sipil,Ya,Ya,Ya,Ya,Ya,Ya,Ya,Ya,Ya,Ya,Ya,
03/01/2024 15:52:32,Ya,Jawa timur,Generasi Z (1997-2012),Pekerja Swasta,Ya,Ya,Ya,Ya,Ya,Ya,Ya,Ya,Ya,Ya,Ya,
03/01/2024 15:52:56,Ya,Jawa tengah,Generasi Z (1997-2012),Guru,Ya,Ya,Ya,Ya,Ya,Ya,Ya,Ya,Ya,Ya,Ya,
03/01/2024 15:53:13,Ya,Jawa tengah,Generasi Y/Millenial (1981-1996),Pekerja Swasta,Ya,Ya,Ya,Ya,Ya,Ya,Ya,Ya,Ya,Ya,Ya,
03/01/2024 15:53:29,Ya,Jawa tengah,Generasi Z (1997-2012),Pengusaha,Ya,Ya,Ya,Ya,Ya,Ya,Ya,Ya,Ya,Ya,Ya,
03/01/2024 15:54:10,Ya,Jawa tengah,Generasi Y/Millenial (1981-1996),Pegawai Negri Sipil,Ya,Ya,Ya,Ya,Ya,Ya,Ya,Ya,Ya,Ya,Ya,
03/01/2024 15:54:27,Ya,Jawa tengah,Generasi Z (1997-2012),Pegawai Negri Sipil,Ya,Ya,Ya,Ya,Ya,Ya,Ya,Ya,Ya,Ya,Ya,
03/01/2024 15:54:43,Ya,Jawa tengah,Generasi Y/Millenial (1981-1996),Pegawai Negri Sipil,Ya,Ya,Ya,Ya,Ya,Ya,Ya,Ya,Ya,Ya,Ya,
03/01/2024 15:55:00,Ya,Jawa tengah,Generasi Y/Millenial (1981-1996),Pekerja Swasta,Ya,Ya,Ya,Ya,Ya,Ya,Ya,Ya,Ya,Ya,Ya,
03/01/2024 15:55:15,Ya,Jawa tengah,Generasi Y/Millenial (1981-1996),Pekerja Swasta,Ya,Ya,Ya,Ya,Ya,Ya,Ya,Ya,Ya,Ya,Ya,
03/01/2024 15:55:47,Ya,Jawa tengah,Generasi Y/Millenial (1981-1996),Pegawai Negri Sipil,Ya,Ya,Ya,Tidak,Ya,Ya,Ya,Ya,Ya,Ya,Ya,
03/01/2024 15:56:07,Ya,Jawa tengah,Generasi Alpa (2013-2035),Mahasiswa,Ya,Ya,Ya,Ya,Ya,Ya,Ya,Ya,Ya,Ya,Ya,
03/01/2024 15:56:24,Ya,Jawa tengah,Generasi Y/Millenial (1981-1996),Pekerja Swasta,Ya,Ya,Ya,Ya,Ya,Ya,Ya,Ya,Ya,Ya,Ya,
03/01/2024 15:56:40,Ya,Jawa tengah,Generasi Alpa (2013-2035),Mahasiswa,Ya,Ya,Ya,Ya,Ya,Ya,Ya,Ya,Ya,Ya,Ya,
03/01/2024 15:57:02,Ya,Jawa tengah,Generasi Alpa (2013-2035),Mahasiswa,Ya,Ya,Ya,Ya,Ya,Ya,Ya,Ya,Ya,Ya,Ya,
03/01/2024 15:57:23,Ya,Jawa tengah,Generasi Alpa (2013-2035),Mahasiswa,Ya,Ya,Ya,Ya,Ya,Ya,Ya,Ya,Ya,Ya,Ya,
03/01/2024 15:57:39,Ya,Jawa tengah,Generasi Alpa (2013-2035),Mahasiswa,Ya,Ya,Ya,Ya,Ya,Ya,Ya,Ya,Ya,Ya,Tidak,
03/01/2024 15:57:56,Ya,Jawa tengah,Generasi Alpa (2013-2035),Mahasiswa,Ya,Ya,Ya,Ya,Ya,Ya,Ya,Ya,Ya,Ya,Ya,
03/01/2024 15:58:11,Ya,Jawa tengah,Generasi Y/Millenial (1981-1996),Pegawai Negri Sipil,Ya,Ya,Ya,Ya,Ya,Ya,Ya,Ya,Ya,Ya,Ya,
03/01/2024 15:58:27,Ya,Jawa tengah,Generasi Y/Millenial (1981-1996),Pegawai Negri Sipil,Ya,Ya,Ya,Ya,Ya,Ya,Ya,Ya,Ya,Ya,Ya,
03/01/2024 16:01:19,Ya,DKI Jakarta,Generasi Alpa (2013-2035),Mahasiswa,Tidak Tahu,Tidak Tahu,Tidak Tahu,Tidak Tahu,Tidak Tahu,Tidak Tahu,Tidak Tahu,Tidak Tahu,Tidak Tahu,Tidak Tahu,Tidak Tahu,
03/01/2024 16:01:41,Ya,DKI Jakarta,Generasi Alpa (2013-2035),Mahasiswa,Tidak Tahu,Tidak Tahu,Tidak Tahu,Tidak Tahu,Tidak Tahu,Tidak Tahu,Tidak Tahu,Tidak Tahu,Tidak Tahu,Tidak Tahu,Tidak Tahu,
03/01/2024 16:01:59,Ya,DKI Jakarta,Generasi Alpa (2013-2035),Mahasiswa,Tidak Tahu,Tidak Tahu,Tidak Tahu,Tidak Tahu,Tidak Tahu,Tidak Tahu,Tidak Tahu,Tidak Tahu,Tidak Tahu,Tidak Tahu,Tidak Tahu,
03/01/2024 16:02:15,Ya,DKI Jakarta,Generasi Alpa (2013-2035),Mahasiswa,Tidak Tahu,Tidak Tahu,Tidak Tahu,Tidak Tahu,Tidak Tahu,Tidak Tahu,Tidak Tahu,Tidak Tahu,Tidak Tahu,Tidak Tahu,Tidak Tahu,
03/01/2024 16:02:36,Ya,DKI Jakarta,Generasi Y/Millenial (1981-1996),Pengusaha,Tidak Tahu,Tidak Tahu,Tidak Tahu,Tidak Tahu,Tidak Tahu,Tidak Tahu,Tidak Tahu,Tidak Tahu,Tidak Tahu,Tidak Tahu,Tidak Tahu,
03/01/2024 16:03:16,Ya,DKI Jakarta,Generasi X (1965-1980),Pengusaha,Tidak Tahu,Tidak Tahu,Tidak Tahu,Tidak Tahu,Tidak Tahu,Tidak Tahu,Tidak Tahu,Tidak Tahu,Tidak Tahu,Tidak Tahu,Tidak Tahu,
03/01/2024 16:03:41,Ya,DKI Jakarta,Generasi Y/Millenial (1981-1996),Guru,Tidak Tahu,Tidak Tahu,Tidak Tahu,Tidak,Tidak Tahu,Tidak Tahu,Tidak Tahu,Tidak Tahu,Tidak Tahu,Tidak Tahu,Tidak Tahu,
03/01/2024 16:03:59,Ya,DKI Jakarta,Generasi Y/Millenial (1981-1996),Pengusaha,Tidak Tahu,Tidak Tahu,Tidak Tahu,Tidak Tahu,Tidak Tahu,Tidak Tahu,Tidak Tahu,Tidak Tahu,Tidak Tahu,Tidak Tahu,Tidak Tahu,
03/01/2024 16:04:16,Ya,DKI Jakarta,Generasi Y/Millenial (1981-1996),Guru,Tidak Tahu,Tidak Tahu,Tidak Tahu,Tidak Tahu,Tidak Tahu,Tidak Tahu,Tidak Tahu,Tidak Tahu,Tidak Tahu,Tidak Tahu,Tidak Tahu,
03/01/2024 16:04:33,Ya,DKI Jakarta,Generasi Y/Millenial (1981-1996),Pegawai Negri Sipil,Tidak Tahu,Tidak Tahu,Tidak Tahu,Tidak Tahu,Tidak Tahu,Tidak Tahu,Tidak Tahu,Tidak Tahu,Tidak Tahu,Tidak Tahu,Tidak Tahu,
03/01/2024 16:05:12,Ya,DKI Jakarta,Generasi Y/Millenial (1981-1996),Guru,Tidak Tahu,Tidak Tahu,Tidak Tahu,Tidak Tahu,Tidak Tahu,Tidak Tahu,Tidak Tahu,Tidak Tahu,Tidak Tahu,Tidak Tahu,Tidak Tahu,
03/01/2024 16:05:30,Ya,DKI Jakarta,Generasi Y/Millenial (1981-1996),Guru,Tidak Tahu,Tidak Tahu,Tidak Tahu,Tidak Tahu,Tidak Tahu,Tidak Tahu,Tidak Tahu,Tidak Tahu,Tidak Tahu,Tidak Tahu,Tidak Tahu,
03/01/2024 16:05:52,Ya,DKI Jakarta,Generasi Y/Millenial (1981-1996),Dosen,Tidak Tahu,Tidak Tahu,Tidak Tahu,Tidak Tahu,Tidak Tahu,Tidak Tahu,Tidak Tahu,Tidak Tahu,Tidak Tahu,Tidak Tahu,Tidak Tahu,
03/01/2024 16:06:10,Ya,DKI Jakarta,Generasi X (1965-1980),Pekerja Swasta,Tidak Tahu,Tidak Tahu,Tidak Tahu,Tidak Tahu,Tidak Tahu,Tidak Tahu,Tidak Tahu,Tidak Tahu,Tidak Tahu,Tidak Tahu,Tidak Tahu,
03/01/2024 16:06:27,Ya,DKI Jakarta,Generasi Y/Millenial (1981-1996),Pegawai Negri Sipil,Tidak Tahu,Tidak Tahu,Tidak Tahu,Tidak Tahu,Tidak Tahu,Tidak Tahu,Tidak Tahu,Tidak Tahu,Tidak Tahu,Tidak Tahu,Tidak Tahu,
03/01/2024 16:06:48,Ya,DKI Jakarta,Generasi Y/Millenial (1981-1996),Dosen,Tidak Tahu,Tidak Tahu,Tidak Tahu,Tidak Tahu,Tidak Tahu,Tidak Tahu,Tidak Tahu,Tidak Tahu,Tidak Tahu,Tidak Tahu,Tidak Tahu,
03/01/2024 16:07:02,Ya,DKI Jakarta,Generasi Y/Millenial (1981-1996),Pegawai Negri Sipil,Tidak Tahu,Tidak Tahu,Tidak Tahu,Tidak Tahu,Tidak Tahu,Tidak Tahu,Tidak Tahu,Tidak Tahu,Tidak Tahu,Tidak Tahu,Tidak Tahu,
03/01/2024 16:07:19,Ya,DKI Jakarta,Generasi Alpa (2013-2035),Mahasiswa,Tidak Tahu,Tidak Tahu,Tidak Tahu,Tidak Tahu,Tidak Tahu,Tidak Tahu,Tidak Tahu,Tidak Tahu,Tidak Tahu,Tidak Tahu,Tidak Tahu,
03/01/2024 16:07:39,Ya,DKI Jakarta,Generasi Y/Millenial (1981-1996),Pegawai Negri Sipil,Tidak Tahu,Tidak Tahu,Tidak Tahu,Tidak Tahu,Tidak Tahu,Tidak Tahu,Tidak Tahu,Tidak Tahu,Tidak Tahu,Tidak Tahu,Tidak Tahu,
03/01/2024 16:07:56,Ya,DKI Jakarta,Generasi Z (1997-2012),Pegawai Negri Sipil,Tidak Tahu,Tidak Tahu,Tidak Tahu,Tidak Tahu,Tidak Tahu,Tidak Tahu,Tidak Tahu,Tidak Tahu,Tidak Tahu,Tidak Tahu,Tidak Tahu,
03/01/2024 16:08:27,Ya,Kalimantan Timur,Generasi Y/Millenial (1981-1996),Pegawai Negri Sipil,Tidak Tahu,Tidak Tahu,Tidak Tahu,Tidak Tahu,Tidak Tahu,Tidak Tahu,Tidak Tahu,Tidak Tahu,Tidak Tahu,Tidak Tahu,Tidak Tahu,
03/01/2024 16:08:42,Ya,Kalimantan Timur,Generasi Alpa (2013-2035),Mahasiswa,Tidak Tahu,Tidak Tahu,Tidak Tahu,Tidak Tahu,Tidak Tahu,Tidak Tahu,Tidak Tahu,Tidak Tahu,Tidak Tahu,Tidak Tahu,Tidak Tahu,
03/01/2024 16:09:07,Ya,Kalimantan Timur,Generasi Z (1997-2012),Dosen,Tidak Tahu,Tidak Tahu,Tidak Tahu,Tidak Tahu,Tidak Tahu,Tidak Tahu,Tidak Tahu,Tidak Tahu,Tidak Tahu,Tidak Tahu,Tidak Tahu,
03/01/2024 16:10:24,Ya,Kalimantan Timur,Generasi Y/Millenial (1981-1996),Pegawai Negri Sipil,Tidak Tahu,Tidak Tahu,Tidak Tahu,Tidak Tahu,Tidak Tahu,Tidak Tahu,Tidak Tahu,Tidak Tahu,Tidak Tahu,Tidak Tahu,Tidak Tahu,
03/01/2024 16:10:41,Ya,Kalimantan Timur,Generasi Z (1997-2012),Pekerja Swasta,Tidak Tahu,Tidak Tahu,Tidak Tahu,Tidak Tahu,Tidak Tahu,Tidak Tahu,Tidak Tahu,Tidak Tahu,Tidak Tahu,Tidak Tahu,Tidak Tahu,
03/01/2024 16:29:56,Ya,Kalimantan Timur,Generasi Y/Millenial (1981-1996),Pekerja Swasta,Ya,Ya,Ya,Ya,Ya,Ya,Ya,Ya,Ya,Ya,Ya,
03/01/2024 16:30:14,Ya,Kalimantan Timur,Generasi Y/Millenial (1981-1996),Pekerja Swasta,Ya,Ya,Ya,Ya,Ya,Ya,Ya,Ya,Ya,Ya,Ya,
03/01/2024 16:30:30,Ya,Kalimantan Timur,Generasi X (1965-1980),Pegawai Negri Sipil,Ya,Ya,Ya,Ya,Ya,Ya,Tidak,Ya,Ya,Ya,Tidak,
03/01/2024 16:30:48,Ya,Kalimantan Timur,Generasi Y/Millenial (1981-1996),Pegawai Negri Sipil,Ya,Ya,Ya,Ya,Ya,Ya,Ya,Ya,Ya,Ya,Ya,
03/01/2024 16:31:05,Ya,Kalimantan Timur,Generasi Boomer (1946-1964),Pengusaha,Ya,Ya,Ya,Ya,Ya,Ya,Ya,Ya,Ya,Ya,Ya,
03/01/2024 16:31:29,Ya,Kalimantan Timur,Generasi Y/Millenial (1981-1996),Guru,Ya,Ya,Ya,Ya,Ya,Ya,Ya,Ya,Ya,Ya,Ya,
03/01/2024 16:31:45,Ya,Kalimantan Timur,Generasi Y/Millenial (1981-1996),Pegawai Negri Sipil,Ya,Ya,Ya,Tidak,Ya,Ya,Ya,Ya,Ya,Ya,Ya,
03/01/2024 16:32:02,Ya,Kalimantan Timur,Generasi Z (1997-2012),Pegawai Negri Sipil,Ya,Ya,Ya,Ya,Ya,Ya,Ya,Ya,Ya,Ya,Ya,
03/01/2024 16:32:23,Ya,Kalimantan Timur,Generasi Y/Millenial (1981-1996),Pegawai Negri Sipil,Ya,Ya,Ya,Ya,Ya,Ya,Ya,Ya,Ya,Ya,Ya,
03/01/2024 16:32:43,Ya,Kalimantan Timur,Generasi Z (1997-2012),Pegawai Negri Sipil,Ya,Ya,Ya,Ya,Ya,Ya,Ya,Ya,Ya,Ya,Ya,
03/01/2024 16:33:45,Ya,Kalimantan Timur,Generasi Z (1997-2012),Pegawai Negri Sipil,Ya,Ya,Ya,Ya,Ya,Ya,Ya,Ya,Ya,Ya,Ya,
03/01/2024 16:34:03,Ya,Kalimantan Timur,Generasi Z (1997-2012),Pekerja Swasta,Ya,Ya,Ya,Ya,Ya,Ya,Ya,Ya,Ya,Ya,Ya,
03/01/2024 16:34:23,Ya,Kalimantan Timur,Generasi Y/Millenial (1981-1996),Pekerja Swasta,Ya,Ya,Ya,Ya,Ya,Ya,Ya,Ya,Ya,Ya,Ya,
03/01/2024 16:34:43,Ya,Kalimantan Timur,Generasi Y/Millenial (1981-1996),Pekerja Swasta,Ya,Ya,Ya,Ya,Ya,Ya,Ya,Tidak,Ya,Ya,Ya,
03/01/2024 16:35:03,Ya,Kalimantan Timur,Generasi Z (1997-2012),Pegawai Negri Sipil,Ya,Ya,Ya,Ya,Ya,Ya,Ya,Ya,Ya,Ya,Ya,
03/01/2024 16:35:30,Ya,Kalimantan Timur,Generasi Y/Millenial (1981-1996),Pekerja Swasta,Ya,Ya,Ya,Ya,Ya,Ya,Ya,Ya,Ya,Ya,Ya,
03/01/2024 16:35:48,Ya,Kalimantan Timur,Generasi Z (1997-2012),Dosen,Ya,Ya,Ya,Ya,Ya,Ya,Ya,Ya,Ya,Ya,Ya,
03/01/2024 16:36:03,Ya,Kalimantan Timur,Generasi Y/Millenial (1981-1996),Pegawai Negri Sipil,Ya,Ya,Ya,Ya,Ya,Ya,Ya,Ya,Ya,Ya,Ya,
03/01/2024 16:36:20,Ya,Kalimantan Timur,Generasi Z (1997-2012),Pegawai Negri Sipil,Ya,Ya,Ya,Ya,Ya,Ya,Ya,Ya,Ya,Ya,Ya,
03/01/2024 16:36:39,Ya,Kalimantan Timur,Generasi Z (1997-2012),Pegawai Negri Sipil,Ya,Ya,Ya,Ya,Ya,Ya,Ya,Ya,Ya,Ya,Ya,
03/01/2024 16:37:06,Ya,Kalimantan Timur,Generasi Z (1997-2012),Pekerja Swasta,Ya,Ya,Ya,Ya,Ya,Ya,Ya,Ya,Ya,Ya,Ya,
03/01/2024 16:37:27,Ya,Kalimantan Timur,Generasi Y/Millenial (1981-1996),Pekerja Swasta,Ya,Ya,Ya,Ya,Ya,Ya,Ya,Ya,Ya,Ya,Ya,
03/01/2024 16:37:51,Ya,Kalimantan Timur,Generasi Z (1997-2012),Pegawai Negri Sipil,Ya,Ya,Ya,Ya,Ya,Ya,Ya,Ya,Ya,Ya,Ya,
03/01/2024 16:38:13,Ya,Kalimantan Timur,Generasi Z (1997-2012),Dosen,Ya,Ya,Ya,Ya,Ya,Tidak,Ya,Ya,Ya,Ya,Ya,
03/01/2024 16:38:33,Ya,Kalimantan Timur,Generasi Y/Millenial (1981-1996),Pekerja Swasta,Ya,Ya,Ya,Ya,Ya,Ya,Ya,Ya,Tidak,Ya,Ya,
03/01/2024 16:49:33,Ya,Kalimantan Timur,Generasi Y/Millenial (1981-1996),TNI/Polri,Ya,Ya,Ya,Ya,Ya,Ya,Ya,Ya,Ya,Ya,Ya,
03/01/2024 16:50:02,Ya,Daerah Istimewa Yogyakarta,Generasi Z (1997-2012),Pekerja Swasta,Ya,Ya,Ya,Ya,Ya,Ya,Ya,Ya,Ya,Ya,Ya,
03/01/2024 16:51:18,Ya,Daerah Istimewa Yogyakarta,Generasi Y/Millenial (1981-1996),Pekerja Swasta,Ya,Ya,Ya,Ya,Ya,Ya,Ya,Ya,Ya,Ya,Tidak,
03/01/2024 16:51:34,Ya,Daerah Istimewa Yogyakarta,Generasi Y/Millenial (1981-1996),Pekerja Swasta,Ya,Ya,Ya,Ya,Ya,Ya,Ya,Ya,Ya,Ya,Ya,
03/01/2024 16:51:52,Ya,Daerah Istimewa Yogyakarta,Generasi Y/Millenial (1981-1996),Pekerja Swasta,Ya,Ya,Ya,Ya,Ya,Ya,Ya,Ya,Ya,Ya,Ya,
03/01/2024 16:52:43,Ya,Daerah Istimewa Yogyakarta,Generasi Y/Millenial (1981-1996),Pegawai Negri Sipil,Ya,Ya,Ya,Ya,Ya,Ya,Ya,Ya,Ya,Ya,Ya,
03/01/2024 16:53:04,Ya,Daerah Istimewa Yogyakarta,Generasi Y/Millenial (1981-1996),Dosen,Ya,Ya,Ya,Ya,Ya,Ya,Ya,Ya,Ya,Ya,Ya,
03/01/2024 16:53:22,Ya,Daerah Istimewa Yogyakarta,Generasi Z (1997-2012),Pekerja Swasta,Ya,Ya,Ya,Ya,Ya,Ya,Ya,Ya,Ya,Tidak,Ya,
03/01/2024 16:53:38,Ya,Daerah Istimewa Yogyakarta,Generasi Z (1997-2012),Dosen,Ya,Ya,Ya,Ya,Ya,Ya,Ya,Ya,Ya,Ya,Ya,
03/01/2024 16:53:55,Ya,Daerah Istimewa Yogyakarta,Generasi Z (1997-2012),Pegawai Negri Sipil,Ya,Ya,Ya,Ya,Ya,Ya,Ya,Ya,Ya,Ya,Ya,
03/01/2024 16:59:46,Ya,Daerah Istimewa Yogyakarta,Generasi Y/Millenial (1981-1996),Pekerja Swasta,Ya,Ya,Ya,Ya,Ya,Ya,Ya,Ya,Ya,Ya,Ya,
03/01/2024 17:00:04,Ya,Daerah Istimewa Yogyakarta,Generasi Z (1997-2012),Pekerja Swasta,Ya,Ya,Ya,Ya,Ya,Ya,Tidak,Ya,Ya,Ya,Ya,
03/01/2024 17:00:22,Ya,Daerah Istimewa Yogyakarta,Generasi Y/Millenial (1981-1996),Dosen,Ya,Ya,Ya,Ya,Ya,Ya,Ya,Ya,Ya,Ya,Ya,
03/01/2024 17:00:37,Ya,Daerah Istimewa Yogyakarta,Generasi Y/Millenial (1981-1996),Pegawai Negri Sipil,Ya,Ya,Ya,Ya,Ya,Ya,Ya,Ya,Ya,Ya,Ya,
03/01/2024 17:00:52,Ya,Daerah Istimewa Yogyakarta,Generasi Y/Millenial (1981-1996),Pegawai Negri Sipil,Ya,Ya,Ya,Ya,Ya,Ya,Ya,Ya,Ya,Ya,Ya,
03/01/2024 17:01:11,Ya,Daerah Istimewa Yogyakarta,Generasi Y/Millenial (1981-1996),Pegawai Negri Sipil,Ya,Ya,Ya,Ya,Ya,Ya,Ya,Ya,Ya,Ya,Ya,
03/01/2024 17:01:27,Ya,Daerah Istimewa Yogyakarta,Generasi Y/Millenial (1981-1996),Pekerja Swasta,Ya,Ya,Ya,Ya,Ya,Ya,Ya,Ya,Ya,Ya,Ya,
03/01/2024 17:01:46,Ya,Daerah Istimewa Yogyakarta,Generasi Y/Millenial (1981-1996),Pegawai Negri Sipil,Ya,Ya,Ya,Ya,Ya,Ya,Ya,Ya,Ya,Ya,Ya,
03/01/2024 17:02:01,Ya,Daerah Istimewa Yogyakarta,Generasi Z (1997-2012),Pegawai Negri Sipil,Ya,Ya,Ya,Ya,Ya,Ya,Ya,Ya,Ya,Ya,Ya,
03/01/2024 17:02:17,Ya,Daerah Istimewa Yogyakarta,Generasi Y/Millenial (1981-1996),Pekerja Swasta,Ya,Ya,Ya,Ya,Tidak,Ya,Ya,Ya,Ya,Ya,Ya,
03/01/2024 17:02:38,Ya,Daerah Istimewa Yogyakarta,Generasi Z (1997-2012),Pegawai Negri Sipil,Ya,Ya,Ya,Ya,Tidak,Ya,Ya,Ya,Ya,Ya,Ya,
03/01/2024 17:02:57,Ya,Daerah Istimewa Yogyakarta,Generasi Boomer (1946-1964),Pekerja Swasta,Ya,Ya,Ya,Ya,Tidak,Ya,Ya,Ya,Ya,Ya,Ya,
03/01/2024 17:03:11,Ya,Daerah Istimewa Yogyakarta,Generasi Y/Millenial (1981-1996),Pekerja Swasta,Ya,Ya,Ya,Ya,Ya,Ya,Ya,Ya,Ya,Ya,Ya,
03/01/2024 17:03:29,Ya,Daerah Istimewa Yogyakarta,Generasi Y/Millenial (1981-1996),Pegawai Negri Sipil,Ya,Ya,Ya,Ya,Ya,Tidak,Ya,Ya,Ya,Ya,Ya,
03/01/2024 17:03:47,Ya,Daerah Istimewa Yogyakarta,Generasi Z (1997-2012),TNI/Polri,Ya,Ya,Ya,Ya,Ya,Ya,Ya,Ya,Ya,Ya,Ya,